{
    "#block = 16": 548.7560987472534,
    "#block = 32": 924.7812747955322,
    "#block = 64": 1723.7944602966309,
    "#block = 128": 3318.2907581329346
}