{
    "#block = 16": 782.8706979751587,
    "#block = 32": 1364.0403032302856,
    "#block = 64": 2543.9034461975098,
    "#block = 128": 4882.0565938949585
}